k,silhouette,calinski_harabasz,davies_bouldin,ARI_mean,ARI_std
2,0.4208168190340216,97.29246714788196,0.9008509527242995,0.4433790958220364,0.3278040269297807
3,0.29280620151526204,117.91253711838839,1.2063829052433102,0.5348738245106829,0.19283125869296058
4,0.2574496282916018,103.85247327994338,1.2649737350282084,0.5422867306482806,0.14271361688703205
5,0.23818977227633423,99.39112000174875,1.303241406731084,0.5958822215798937,0.12001274481014486
6,0.2571803624895531,93.80347917340941,1.3506303542846396,0.6172935009145866,0.11856583725368754
